mol_id,cannonical_smiles,standard_value,bioactivity_class
CHEMBL187579,Cc1noc(C)c1CN1C(=O)C(=O)c2cc(C#N)ccc21,7200.0,intermediate
CHEMBL188487,O=C1C(=O)N(Cc2ccc(F)cc2Cl)c2ccc(I)cc21,9400.0,intermediate
CHEMBL185698,O=C1C(=O)N(CC2COc3ccccc3O2)c2ccc(I)cc21,13500.0,inactive
CHEMBL426082,O=C1C(=O)N(Cc2cc3ccccc3s2)c2ccccc21,13110.0,inactive
CHEMBL187717,O=C1C(=O)N(Cc2cc3ccccc3s2)c2c1cccc2[N+](=O)[O-],2000.0,intermediate
CHEMBL365134,O=C1C(=O)N(Cc2cc3ccccc3s2)c2c(Br)cccc21,980.0,active
CHEMBL187598,O=C1C(=O)N(Cc2cc3ccccc3s2)c2ccc(F)cc21,4820.0,intermediate
CHEMBL190743,O=C1C(=O)N(Cc2cc3ccccc3s2)c2ccc(I)cc21,950.0,active
CHEMBL365469,O=C1C(=O)N(Cc2cc3ccccc3s2)c2cccc(Cl)c21,11200.0,inactive
CHEMBL188983,O=C1C(=O)N(C/C=C/c2cc3ccccc3s2)c2ccc(I)cc21,23500.0,inactive
CHEMBL191575,O=C(Nc1ccc(Cl)cc1)c1ccc(CN2C(=O)C(=O)c3cc(I)ccc32)s1,12570.0,inactive
CHEMBL370923,O=C1C(=O)N(Cc2ccc(C(=O)N3CCCCC3)s2)c2ccc(I)cc21,17500.0,inactive
CHEMBL194398,CCOC(=O)/C=C/[C@H](C[C@@H]1CCNC1=O)NC(=O)[C@@H](CC(=O)[C@@H](NC(=O)c1cc(C)on1)C(C)C)Cc1ccccc1,45000.0,inactive
CHEMBL196635,CCOC(=O)/C=C/[C@H](C[C@@H]1CCNC1=O)NC(=O)[C@H](CC=C(C)C)CC(=O)[C@@H](NC(=O)c1cc(C)on1)C(C)C,70000.0,inactive
CHEMBL209287,CCCCN1C(=O)C(=O)c2cc(I)ccc21,66000.0,inactive
CHEMBL358279,NC(=O)c1ccc2c(c1)C(=O)C(=O)N2Cc1ccc2ccccc2c1,370.0,active
CHEMBL348660,NC(=O)c1ccc2c(c1)C(=O)C(=O)N2Cc1ccccc1,12500.0,inactive
CHEMBL379727,CCCCN1C(=O)C(=O)c2cc(C(N)=O)ccc21,19000.0,inactive
CHEMBL210525,CCCN1C(=O)C(=O)c2cc(C(N)=O)ccc21,25000.0,inactive
CHEMBL148483,CN1C(=O)C(=O)c2cc(C(N)=O)ccc21,71000.0,inactive
CHEMBL383725,O=C1C(=O)N(Cc2ccc3ccccc3c2)c2ccc(I)cc21,1100.0,intermediate
CHEMBL118596,O=C1C(=O)N(Cc2ccccc2)c2ccc(I)cc21,50000.0,inactive
CHEMBL208732,O=C(CSc1nccc(-c2csc(-c3ccccc3)n2)n1)Nc1cc(Cl)cc(Cl)c1,3019.95,intermediate
CHEMBL208732,O=C(CSc1nccc(-c2csc(-c3ccccc3)n2)n1)Nc1cc(Cl)cc(Cl)c1,3000.0,intermediate
CHEMBL210146,COc1cccc(-c2nc(SCC(=O)Nc3ccc([N+](=O)[O-])cc3)nc(O)c2C#N)c1,301995.17,inactive
CHEMBL210146,COc1cccc(-c2nc(SCC(=O)Nc3ccc([N+](=O)[O-])cc3)nc(O)c2C#N)c1,300000.0,inactive
CHEMBL207458,CCOC(=O)c1cnc(SCC(=O)Nc2ccc([N+](=O)[O-])cc2)nc1N,251188.64,inactive
CHEMBL207458,CCOC(=O)c1cnc(SCC(=O)Nc2ccc([N+](=O)[O-])cc2)nc1N,250000.0,inactive
CHEMBL207484,COC(OC)c1cc(O)nc(SCC(=O)Nc2ccc(C(F)(F)F)cc2)n1,204173.79,inactive
CHEMBL207484,COC(OC)c1cc(O)nc(SCC(=O)Nc2ccc(C(F)(F)F)cc2)n1,200000.0,inactive
CHEMBL207207,Cc1cc(O)nc(SCC(=O)Nc2cc(Cl)ccc2Oc2ccccc2)n1,100000.0,inactive
CHEMBL207207,Cc1cc(O)nc(SCC(=O)Nc2cc(Cl)ccc2Oc2ccccc2)n1,100000.0,inactive
CHEMBL210487,CCC(Sc1nc(O)c(C#N)c(-c2cccc(OC)c2)n1)C(=O)Nc1ccc(C(C)=O)cc1,60255.96,inactive
CHEMBL210487,CCC(Sc1nc(O)c(C#N)c(-c2cccc(OC)c2)n1)C(=O)Nc1ccc(C(C)=O)cc1,60000.0,inactive
CHEMBL380470,COc1ccc(NC(=O)CSc2nc(O)cc(-c3ccccc3)n2)cc1OC,45708.82,inactive
CHEMBL380470,COc1ccc(NC(=O)CSc2nc(O)cc(-c3ccccc3)n2)cc1OC,45000.0,inactive
CHEMBL210612,CC(C)c1ccc(NC(=O)CSc2nccc(-c3cccs3)n2)cc1,40738.03,inactive
CHEMBL210612,CC(C)c1ccc(NC(=O)CSc2nccc(-c3cccs3)n2)cc1,40000.0,inactive
CHEMBL209667,O=C(CSc1nccc(-c2cc(-c3ccccc3Cl)no2)n1)Nc1ccc(Cl)cc1,15135.61,inactive
CHEMBL209667,O=C(CSc1nccc(-c2cc(-c3ccccc3Cl)no2)n1)Nc1ccc(Cl)cc1,15000.0,inactive
CHEMBL210097,O=C(CSc1nccc(-c2cc(-c3ccc(Cl)cc3Cl)no2)n1)Nc1ccc(C(F)(F)F)cc1,15135.61,inactive
CHEMBL210097,O=C(CSc1nccc(-c2cc(-c3ccc(Cl)cc3Cl)no2)n1)Nc1ccc(C(F)(F)F)cc1,15000.0,inactive
CHEMBL378674,CSc1sc(-c2nc(C)cs2)c(C)c1-c1ccnc(SCC(=O)Nc2ccccc2Cl)n1,12022.64,inactive
CHEMBL378674,CSc1sc(-c2nc(C)cs2)c(C)c1-c1ccnc(SCC(=O)Nc2ccccc2Cl)n1,12000.0,inactive
CHEMBL210216,Cc1nc(SCC(=O)Nc2ccc([N+](=O)[O-])cc2)nc(O)c1C,1000000.0,inactive
CHEMBL210216,Cc1nc(SCC(=O)Nc2ccc([N+](=O)[O-])cc2)nc(O)c1C,1000000.0,inactive
CHEMBL210195,Cc1cc(C(F)(F)F)nc(SCC(=O)Nc2ccc(Cl)cc2F)n1,501187.23,inactive
CHEMBL210195,Cc1cc(C(F)(F)F)nc(SCC(=O)Nc2ccc(Cl)cc2F)n1,500000.0,inactive
CHEMBL210437,COc1ccc(-c2ccnc(SCC(=O)Nc3ccc(C(C)C)cc3)n2)cc1,407380.28,inactive
CHEMBL210437,COc1ccc(-c2ccnc(SCC(=O)Nc3ccc(C(C)C)cc3)n2)cc1,400000.0,inactive
CHEMBL378677,CC(C)(C)c1ccc(NC(=O)CSc2nc(O)c(C#N)c(C3CCCCC3)n2)cc1,354813.39,inactive
CHEMBL378677,CC(C)(C)c1ccc(NC(=O)CSc2nc(O)c(C#N)c(C3CCCCC3)n2)cc1,350000.0,inactive
CHEMBL210972,CC(Sc1nc(O)c(C#N)c(-c2ccccc2)n1)C(=O)Nc1ccc(Cl)cc1,301995.17,inactive
CHEMBL210972,CC(Sc1nc(O)c(C#N)c(-c2ccccc2)n1)C(=O)Nc1ccc(Cl)cc1,300000.0,inactive
CHEMBL210145,CCOc1ccc(N2C(=O)CC(Sc3nc(C)cc(C)n3)C2=O)cc1,301995.17,inactive
CHEMBL210145,CCOc1ccc(N2C(=O)CC(Sc3nc(C)cc(C)n3)C2=O)cc1,300000.0,inactive
CHEMBL377225,N#Cc1c(O)nc(SCC(=O)Nc2cccc(C(F)(F)F)c2)nc1-c1ccccc1,204173.79,inactive
CHEMBL377225,N#Cc1c(O)nc(SCC(=O)Nc2cccc(C(F)(F)F)c2)nc1-c1ccccc1,200000.0,inactive
CHEMBL210823,CCCCc1ccc(NC(=O)CSc2nc(O)c(C#N)c(C3CCCCC3)n2)c(C)c1,204173.79,inactive
CHEMBL210823,CCCCc1ccc(NC(=O)CSc2nc(O)c(C#N)c(C3CCCCC3)n2)c(C)c1,200000.0,inactive
CHEMBL207381,CC(C)c1ccc(NC(=O)CSc2nccc(-c3csc(COc4ccccc4Cl)n3)n2)cc1,204173.79,inactive
CHEMBL207381,CC(C)c1ccc(NC(=O)CSc2nccc(-c3csc(COc4ccccc4Cl)n3)n2)cc1,200000.0,inactive
CHEMBL210511,Cc1cc(O)nc(SCC(=O)Nc2ccc(Oc3ccc(Cl)cc3)cc2)n1,204173.79,inactive
CHEMBL210511,Cc1cc(O)nc(SCC(=O)Nc2ccc(Oc3ccc(Cl)cc3)cc2)n1,200000.0,inactive
CHEMBL210632,COc1cccc(-c2nc(SCC(=O)Nc3ccc(C(C)=O)cc3)nc(O)c2C#N)c1,60255.96,inactive
CHEMBL210632,COc1cccc(-c2nc(SCC(=O)Nc3ccc(C(C)=O)cc3)nc(O)c2C#N)c1,60000.0,inactive
CHEMBL210497,COc1cccc(-c2nc(SCC(=O)Nc3ccc(S(N)(=O)=O)cc3)nc(O)c2C#N)c1,40738.03,inactive
CHEMBL210497,COc1cccc(-c2nc(SCC(=O)Nc3ccc(S(N)(=O)=O)cc3)nc(O)c2C#N)c1,40000.0,inactive
CHEMBL208584,CCCc1cc(O)nc(SCC(=O)Nc2ccc(Cl)cc2)n1,30199.52,inactive
CHEMBL208584,CCCc1cc(O)nc(SCC(=O)Nc2ccc(Cl)cc2)n1,30000.0,inactive
CHEMBL208763,O=C(CSc1nccc(-c2cc(-c3ccccc3)no2)n1)Nc1ccc(Cl)cc1,15135.61,inactive
CHEMBL208763,O=C(CSc1nccc(-c2cc(-c3ccccc3)no2)n1)Nc1ccc(Cl)cc1,15000.0,inactive
CHEMBL209227,Cc1nc(-c2nc(-c3ccnc(SCC(=O)Nc4ccc(Cl)cc4)n3)cs2)cs1,14125.38,inactive
CHEMBL209227,Cc1nc(-c2nc(-c3ccnc(SCC(=O)Nc4ccc(Cl)cc4)n3)cs2)cs1,14000.0,inactive
CHEMBL210092,CSc1sc(-c2nc(C)cs2)c(C)c1-c1ccnc(SCC(=O)Nc2ccc(Cl)cc2)n1,11220.18,inactive
CHEMBL210092,CSc1sc(-c2nc(C)cs2)c(C)c1-c1ccnc(SCC(=O)Nc2ccc(Cl)cc2)n1,11000.0,inactive
CHEMBL377150,Cn1nc(-c2ccc(-c3ccnc(SCC(=O)Nc4ccc(Cl)cc4)n3)s2)cc1C(F)(F)F,10000.0,intermediate
CHEMBL377150,Cn1nc(-c2ccc(-c3ccnc(SCC(=O)Nc4ccc(Cl)cc4)n3)s2)cc1C(F)(F)F,10000.0,intermediate
CHEMBL212454,O=C(Oc1ccc(S(=O)(=O)c2ccc(OC(=O)C(Cl)=C(Cl)Cl)cc2)cc1)C(Cl)=C(Cl)Cl,900.0,active
CHEMBL213581,Nc1ncc(S(=O)(=O)c2ccc(Cl)cc2)c(N)n1,6000.0,intermediate
CHEMBL380403,O=[N+]([O-])c1cc(C(F)(F)F)ccc1S(=O)(=O)c1ccc(Cl)cc1,12000.0,inactive
CHEMBL212504,Cc1nc(S(=O)(=O)c2ccccc2)c(C#N)c(C)c1[N+](=O)[O-],13000.0,inactive
CHEMBL211969,Cc1ccc(S(=O)(=O)c2nc(C)c([N+](=O)[O-])c(C)c2C#N)cc1,13000.0,inactive
CHEMBL384739,O=[N+]([O-])c1ccc(S(=O)(=O)c2ccc(Cl)cc2)[n+]([O-])c1,15000.0,inactive
CHEMBL215732,CCOC(=O)/C(C#N)=C/Nc1ccc(S(=O)(=O)c2ccc(/N=C/C(C#N)=C(\O)OCC)cc2)cc1,16000.0,inactive
CHEMBL212240,O=C(O)c1ccc(S(=O)(=O)c2cc(Br)c(O)c(Br)c2)cc1,16000.0,inactive
CHEMBL377253,CC(=O)c1ccccc1S(=O)(=O)c1ccccc1C(=O)O,16000.0,inactive
CHEMBL215397,O=[N+]([O-])c1ccc(S(=O)(=O)c2ccc([N+](=O)[O-])cc2)cc1,25000.0,inactive
CHEMBL378342,CCOC(=O)C(=CNc1ccc(S(=O)(=O)c2ccc(/N=C/C(C(=O)OCC)=C(\O)OCC)cc2)cc1)C(=O)OCC,32000.0,inactive
CHEMBL379642,O=C(Sc1nnc(C(F)(F)F)[nH]1)c1ccc(C#Cc2ccccc2)o1,3000.0,intermediate
CHEMBL427404,Cc1noc(NC(=O)c2ccc(-c3cc(C(F)(F)F)nn3C)s2)c1[N+](=O)[O-],5000.0,intermediate
CHEMBL212190,Cc1oc(C(C)(C)C)cc1-c1cc(NS(=O)(=O)c2cccs2)[nH]n1,10000.0,intermediate
CHEMBL378700,CSc1[nH]nc(NC(=O)c2cccs2)c1S(=O)(=O)c1ccccc1,15000.0,inactive
CHEMBL212019,CC1(C)CC(=O)c2c(NCc3ccco3)sc(C#N)c2C1,16000.0,inactive
CHEMBL212399,CSc1nn(-c2c([N+](=O)[O-])c(C)nn2C)c(-c2cccs2)c1C#N,18000.0,inactive
CHEMBL215733,O=S(=O)(Cc1[nH]c(-c2ccc(Cl)s2)c[s+]1)c1cccs1.[Br-],18000.0,inactive
CHEMBL375130,Cc1nn(C)c(NCc2ccc(-c3cccs3)s2)c1[N+](=O)[O-],20000.0,inactive
CHEMBL214372,O=C(Cc1nccs1)c1nccs1,40000.0,inactive
CHEMBL212218,Cc1cc(S(=O)(=O)c2c([N+](=O)[O-])cc(C(F)(F)F)cc2[N+](=O)[O-])c(Cl)cc1Cl,300.0,active
CHEMBL222840,O=C(Oc1cncc(Cl)c1)c1ccco1,60.0,active
CHEMBL222769,O=C(Oc1cncc(Cl)c1)c1ccc(-c2ccc(Cl)cc2)o1,63.0,active
CHEMBL222735,COc1cccc(C(=O)Oc2cncc(Cl)c2)c1,340.0,active
CHEMBL222628,O=C(Oc1cncc(Cl)c1)c1cscn1,270.0,active
CHEMBL222893,O=C(Oc1cncc(Cl)c1)c1cc2ccccc2s1,95.0,active
CHEMBL225515,O=C(Oc1cncc(Cl)c1)c1cc2ccccc2[nH]1,65.0,active
CHEMBL222234,O=C(Oc1cncc(Br)c1)c1ccco1,50.0,active
CHEMBL426898,O=C(Oc1cncc(Cl)c1)c1cc2ccccc2o1,170.0,active
CHEMBL187266,Cc1coc2c1C(=O)C(=O)c1c-2ccc2c1CCCC2(C)C,89100.0,inactive
CHEMBL215254,Cc1coc2c1C(=O)C(=O)c1c-2ccc2c1CCCC2(C)CO,24800.0,inactive
CHEMBL2146517,COC(=O)[C@@]1(C)CCCc2c1ccc1c2C(=O)C(=O)c2c(C)coc2-1,21100.0,inactive
CHEMBL187460,C[C@H]1COC2=C1C(=O)C(=O)c1c2ccc2c1CCCC2(C)C,226700.0,inactive
CHEMBL363535,Cc1coc2c1C(=O)C(=O)c1c-2ccc2c(C)cccc12,38700.0,inactive
CHEMBL227075,Cc1cccc2c3c(ccc12)C1=C(C(=O)C3=O)[C@@H](C)CO1,14400.0,inactive
CHEMBL45830,CC(C)C1=Cc2ccc3c(c2C(=O)C1=O)CCCC3(C)C,21100.0,inactive
CHEMBL187266,Cc1coc2c1C(=O)C(=O)c1c-2ccc2c1CCCC2(C)C,1600.0,intermediate
CHEMBL215254,Cc1coc2c1C(=O)C(=O)c1c-2ccc2c1CCCC2(C)CO,10700.0,inactive
CHEMBL2146517,COC(=O)[C@@]1(C)CCCc2c1ccc1c2C(=O)C(=O)c2c(C)coc2-1,9200.0,intermediate
CHEMBL187460,C[C@H]1COC2=C1C(=O)C(=O)c1c2ccc2c1CCCC2(C)C,800.0,active
CHEMBL363535,Cc1coc2c1C(=O)C(=O)c1c-2ccc2c(C)cccc12,8800.0,intermediate
CHEMBL227075,Cc1cccc2c3c(ccc12)C1=C(C(=O)C3=O)[C@@H](C)CO1,4900.0,intermediate
CHEMBL45830,CC(C)C1=Cc2ccc3c(c2C(=O)C1=O)CCCC3(C)C,30000.0,inactive
CHEMBL215254,Cc1coc2c1C(=O)C(=O)c1c-2ccc2c1CCCC2(C)CO,52000.0,inactive
CHEMBL187460,C[C@H]1COC2=C1C(=O)C(=O)c1c2ccc2c1CCCC2(C)C,87600.0,inactive
CHEMBL363535,Cc1coc2c1C(=O)C(=O)c1c-2ccc2c(C)cccc12,700.0,active
CHEMBL227075,Cc1cccc2c3c(ccc12)C1=C(C(=O)C3=O)[C@@H](C)CO1,1200.0,intermediate
CHEMBL45830,CC(C)C1=Cc2ccc3c(c2C(=O)C1=O)CCCC3(C)C,60200.0,inactive
CHEMBL187266,Cc1coc2c1C(=O)C(=O)c1c-2ccc2c1CCCC2(C)C,17100.0,inactive
CHEMBL215254,Cc1coc2c1C(=O)C(=O)c1c-2ccc2c1CCCC2(C)CO,18000.0,inactive
CHEMBL2146517,COC(=O)[C@@]1(C)CCCc2c1ccc1c2C(=O)C(=O)c2c(C)coc2-1,10600.0,inactive
CHEMBL187460,C[C@H]1COC2=C1C(=O)C(=O)c1c2ccc2c1CCCC2(C)C,10100.0,inactive
CHEMBL363535,Cc1coc2c1C(=O)C(=O)c1c-2ccc2c(C)cccc12,11500.0,inactive
CHEMBL227075,Cc1cccc2c3c(ccc12)C1=C(C(=O)C3=O)[C@@H](C)CO1,10700.0,inactive
CHEMBL45830,CC(C)C1=Cc2ccc3c(c2C(=O)C1=O)CCCC3(C)C,78900.0,inactive
